hour,day_of_week,baseline_pred
0,0,616.8924050632911
0,1,589.8774193548387
0,2,614.7884615384615
0,3,641.2582781456954
0,4,759.125
0,5,1222.224358974359
0,6,1334.9866666666667
1,0,375.255033557047
1,1,372.43624161073825
1,2,389.18918918918916
1,3,389.04487179487177
1,4,456.7579617834395
1,5,761.375
1,6,835.3594771241831
2,0,286.40645161290325
2,1,281.0536912751678
2,2,303.28025477707007
2,3,295.4025974025974
2,4,345.43225806451613
2,5,596.7741935483871
2,6,629.2348993288591
3,0,332.18120805369125
3,1,352.9864864864865
3,2,370.32394366197184
3,3,359.5234899328859
3,4,387.0379746835443
3,5,407.2027027027027
3,6,374.6830985915493
4,0,790.0728476821192
4,1,828.5686274509804
4,2,846.3006535947712
4,3,819.0326797385621
4,4,769.6052631578947
4,5,412.0326797385621
4,6,323.6168831168831
5,0,2548.346153846154
5,1,2722.387323943662
5,2,2755.2397260273974
5,3,2724.9523809523807
5,4,2469.8039215686276
5,5,758.3246753246754
5,6,516.4967320261438
6,0,5158.0526315789475
6,1,5503.48322147651
6,2,5569.666666666667
6,3,5397.42
6,4,5118.7828947368425
6,5,1302.7464788732395
6,6,866.8278145695364
7,0,5857.597402597403
7,1,6132.311594202899
7,2,6182.007042253521
7,3,6118.52027027027
7,4,5938.149350649351
7,5,1949.6709677419356
7,6,1200.6418918918919
8,0,5228.726027397261
8,1,5580.571428571428
8,2,5767.274509803921
8,3,5511.76821192053
8,4,5284.94701986755
8,5,2778.559210526316
8,6,1857.4551282051282
9,0,4560.924657534247
9,1,4984.615384615385
9,2,5022.065217391304
9,3,4994.541666666667
9,4,4785.208053691275
9,5,3477.4791666666665
9,6,2651.549295774648
10,0,4106.2733333333335
10,1,4343.602649006622
10,2,4479.603773584906
10,3,4451.635135135135
10,4,4528.245161290322
10,5,3898.3486842105262
10,6,3395.3636363636365
11,0,4323.398648648648
11,1,4564.356643356643
11,2,4673.684931506849
11,3,4761.4295302013425
11,4,4951.974025974026
11,5,4269.5625
11,6,3711.4931506849316
12,0,4572.833333333333
12,1,4778.493333333333
12,2,4863.337748344371
12,3,4939.2171052631575
12,4,5195.066225165563
12,5,4561.3223684210525
12,6,4077.2348993288592
13,0,4616.939189189189
13,1,4806.633802816901
13,2,4887.204225352113
13,3,4945.418918918919
13,4,5158.033333333334
13,5,4500.901960784314
13,6,4171.856209150327
14,0,4938.469387755102
14,1,5140.8175675675675
14,2,5222.834394904458
14,3,5298.411764705882
14,4,5435.705882352941
14,5,4486.693333333334
14,6,4141.211920529801
15,0,5344.758389261745
15,1,5628.458333333333
15,2,5663.845637583892
15,3,5697.716216216216
15,4,5731.693877551021
15,5,4455.328671328672
15,6,4175.136054421769
16,0,5944.054054054054
16,1,6331.86577181208
16,2,6342.968944099379
16,3,6236.4807692307695
16,4,5991.431372549019
16,5,4445.74
16,6,4183.051948051948
17,0,5624.391891891892
17,1,5966.098591549296
17,2,6026.567375886525
17,3,5889.232876712329
17,4,5510.961038961039
17,5,4271.04794520548
17,6,3950.8278145695363
18,0,4131.346666666666
18,1,4455.237762237763
18,2,4548.467948717948
18,3,4545.477124183007
18,4,4621.152317880795
18,5,3960.973154362416
18,6,3609.328671328671
19,0,3022.1677419354837
19,1,3189.3706293706296
19,2,3286.472972972973
19,3,3358.0331125827815
19,4,3586.269230769231
19,5,3293.6027397260273
19,6,3097.3809523809523
20,0,2563.0333333333333
20,1,2792.16
20,2,2867.6540880503144
20,3,2962.6602564102564
20,4,2975.720779220779
20,5,2860.261744966443
20,6,2683.1623376623374
21,0,2268.943396226415
21,1,2618.6666666666665
21,2,2611.7248322147652
21,3,2896.220779220779
21,4,2934.4423076923076
21,5,2938.8639455782313
21,6,2349.967105263158
22,0,1672.7189542483661
22,1,1977.0592105263158
22,2,1882.1069182389938
22,3,2328.823529411765
22,4,2655.032258064516
22,5,2955.9225806451614
22,6,1789.6451612903227
23,0,1101.7870967741935
23,1,1266.9477124183006
23,2,1229.8875
23,3,1395.1761006289307
23,4,1880.6545454545455
23,5,2103.448717948718
23,6,1197.1410256410256
